,word,positive,negative
0,sad,0,48
1,to,36,38
2,and,32,41
3,i,21,28
4,the,38,38
5,a,31,34
6,rt,45,42
7,is,20,35
8,this,16,21
9,so,16,23
10,my,14,17
11,that,12,25
12,of,15,19
13,me,12,15
14,but,9,18
15,in,14,20
16,really,1,12
17,it,11,14
18,https://t,41,14
19,for,18,12
20,he,1,8
21,just,9,11
22,get,6,5
23,very,3,6
24,his,1,5
25,be,14,16
26,how,2,5
27,its,6,9
28,it's,0,0
29,as,6,5
30,now,2,8
31,not,5,12
32,makes,0,4
33,jimin,0,3
34,all,9,10
35,back,1,3
36,more,8,7
37,am,6,6
38,out,3,5
39,d,1,3
40,have,9,7
41,nip,0,2
42,will,4,9
43,they,4,7
44,what,2,5
45,too,2,8
46,why,5,6
47,make,7,7
48,im,6,8
49,i'm,0,0
50,yet,0,4
51,you,20,14
52,school,0,3
53,no,4,6
54,tattoo,0,1
55,other,3,5
56,borderlands,0,3
57,are,4,13
58,being,1,9
59,your,9,7
60,because,3,9
61,heart,0,3
62,real,1,2
63,over,2,5
64,from,2,4
65,some,0,8
66,we,10,6
67,was,7,8
68,into,0,3
69,mean,0,4
70,life,4,7
71,elementary,0,2
72,since,0,2
73,another,0,4
74,with,10,23
75,happened,0,2
76,ain't,0,0
77,u,2,2
78,nipsey's,0,0
79,lot,2,3
80,one,5,4
81,zen,0,1
82,story,0,2
83,there,1,2
84,easy,2,1
85,an,4,4
86,hope,3,3
87,holder,0,2
88,wow,0,3
89,3,1,2
90,know,2,1
91,been,2,3
92,about,3,2
93,play,0,2
94,read,0,2
95,even,1,3
96,used,0,2
97,could,2,3
98,when,8,5
99,abt,0,1
100,high,1,2
101,actually,2,2
102,ever,1,2
103,someone,0,3
104,person,1,3
105,hear,2,2
106,after,1,3
107,finished,0,2
108,bitch,0,2
109,see,1,2
110,had,7,5
111,feeling,0,4
112,clarifies,0,2
113,follow,3,1
114,waiting,0,2
115,friend,1,2
116,go,1,3
117,sorry,0,1
118,also,3,2
119,wont,0,2
120,@nipseyfanpage:,0,2
121,hard,0,3
122,eric,0,2
123,i'll,0,0
124,partner,0,2
125,money,0,2
126,camp,0,1
127,rei,0,1
128,boot,0,1
129,between,0,2
130,can,2,4
131,friend/business,0,2
132,like,2,6
133,having,3,3
134,day,6,4
135,seokjin:,0,1
136,him,2,2
137,final,0,2
138,man,1,1
139,probably,1,1
140,their,6,3
141,condition,0,1
142,esp,0,1
143,send,0,2
144,@bmorsh,0,1
145,max,0,1
146,much,2,1
147,describe,0,1
148,r,0,1
149,spent,0,1
150,support,0,1
151,game,0,3
152,bored,0,1
153,jesse,0,1
154,sounds,1,1
155,thing,1,1
156,part,2,1
157,co/3rgvjaftqi,0,1
158,matter,0,1
159,jets,0,1
160,jealousy,0,1
161,mfal,0,1
162,likely,0,1
163,fault,0,1
164,co/igzlzpzq4i,0,1
165,sees,0,1
166,unfollow,0,1
167,attempt,0,1
168,these,2,1
169,hate,0,1
170,here,3,2
171,hold,0,1
172,young,0,1
173,waited,0,1
174,lost,0,1
175,@koethekoethe,0,1
176,co/1i4k8zocte,0,1
177,alma,0,1
178,@bbcdebatenight,0,1
179,spoiler,0,1
180,wagon,0,1
181,havent,1,1
182,wit,0,1
183,shipping,0,1
184,son,0,1
185,condole,0,1
186,take,3,2
187,fic,0,1
188,dli,0,1
189,seeks,0,1
190,@incorrectpjm:,0,1
191,up,8,4
192,song,1,1
193,ignan,0,1
194,without,1,1
195,@mattectomy,0,1
196,narendra,0,2
197,different,0,1
198,missing,0,1
199,wreath,0,1
200,theyll,0,1
201,present,0,1
202,@onemalinh,0,1
203,piecing,0,1
204,obsessed,0,1
205,break,0,1
206,werewolf,0,1
207,huge,0,1
208,learn,0,2
209,pals,0,1
210,pretending,0,1
211,tired,1,2
212,@trashboyla:,0,1
213,i've,0,0
214,believe,0,1
215,@kamilleziak,0,1
216,@amirulsyah_mi:,0,1
217,heard,0,1
218,against,0,2
219,chance,1,2
220,kid,0,1
221,home,0,2
222,wish,2,1
223,israel,0,1
224,dont,1,5
225,amazon,0,1
226,priorities,0,1
227,pressure,0,1
228,acted,0,1
229,:(,2,1
230,sonicsgate,0,1
231,still,3,5
232,do,3,4
233,minded,0,1
234,lyrics,0,1
235,hello,0,1
236,closed,0,1
237,team,0,6
238,sis,0,1
239,remember,1,1
240,remastered,0,1
241,every,2,2
242,@deirbhilesdaddy,0,1
243,shawns,0,1
244,cry,0,1
245,yes,2,1
246,ultimate,0,1
247,democrat,0,1
248,million,0,1
249,comeuppance,0,1
250,next,1,1
251,co/tfhrugvurk,0,1
252,depressed,0,1
253,demonstration,0,1
254,ug,0,1
255,article,0,1
256,getting,0,1
257,@oversizedthighs:,0,1
258,@jeremycorbyn:,0,1
259,nigga,0,1
260,@belfastagmt,0,1
261,broke,0,1
262,pride,0,1
263,iii,0,1
264,@mhadz0416:,0,1
265,despite,0,1
266,weak,0,2
267,graduates,0,1
268,or,2,6
269,antman,0,1
270,comes,0,1
271,okay,2,1
272,received,0,1
273,pink,1,1
274,pieces,0,1
275,her,1,5
276,infuriated,0,1
277,seen,0,1
278,problem,1,2
279,query,0,1
280,who,4,3
281,forcing,0,1
282,think,3,3
283,sitting,1,2
284,care,0,1
285,nirvana,0,1
286,father,0,1
287,london,1,2
288,working,0,2
289,let's,0,0
290,ko,0,1
291,fail,0,1
292,mater,0,1
293,rover,0,1
294,@jacobmargolis:,0,1
295,angay,0,1
296,anyaways,0,1
297,sketch,0,1
298,energy,0,1
299,ur,0,1
300,little,2,1
301,essy,0,1
302,something,1,2
303,individual,0,1
304,(my,0,1
305,@bts_twt,0,1
306,@peterlucier,0,1
307,way,2,3
308,co/ymnzkymozs,0,1
309,@jeonsatellite:,0,1
310,pagkatao,0,1
311,one),0,1
312,crestwood,0,1
313,practice,0,1
314,pq,0,1
315,turns,1,1
316,conflict,0,1
317,success,0,1
318,especially,0,1
319,extra,0,1
320,fat,1,1
321,chooses,0,1
322,men,0,1
323,today,3,2
324,hoseok:,0,1
325,tune,0,1
326,kurt,0,1
327,sadder,0,1
328,theyre,0,1
329,busy,0,1
330,@soochoifolder:,0,1
331,may,1,1
332,death,0,1
333,@dianazamoraxox:,0,1
334,tormentor,0,1
335,corrie,0,1
336,taeyong,0,1
337,nearly,0,1
338,fave,0,1
339,court,0,1
340,then,1,2
341,c,0,1
342,personal,0,1
343,want,6,2
344,fulfil,0,1
345,movement,0,1
346,amazonexculsive,0,1
347,awww,0,1
348,@chrisobore1:,0,1
349,luis,0,1
350,favorites,0,1
351,them@back,0,1
352,heres,1,1
353,made,2,1
354,picture,0,1
355,shape,0,1
356,loved,0,1
357,off,1,2
358,people's,0,0
359,atm,0,1
360,together,0,1
361,2,2,1
362,show,0,1
363,gone,0,1
364,talk,0,1
365,months,1,1
366,co/axifge3pms,0,1
367,terminal,0,1
368,@nipseyhussle,0,1
369,sometime,0,1
370,many,0,1
371,@smile4mety:,0,1
372,tonight,0,1
373,impactful,0,1
374,situation,0,1
375,time,8,3
376,alone,1,1
377,liv,0,1
378,episode,1,1
379,say,1,2
380,@baylor,0,1
381,opportunity,1,1
382,characters,1,1
383,computer,0,1
384,looks,0,2
385,yesterday,1,1
386,middle/beginning,0,1
387,relieved,0,1
388,days,3,1
389,come,2,1
390,themes,0,1
391,au,0,1
392,big,0,1
393,need,2,1
394,further,0,1
395,state,0,1
396,@thefarqueen:,0,1
397,video,1,2
398,@gopleader:,0,1
399,@aarondorksen,0,1
400,co/g8af2v1paf,0,1
401,followers,0,1
402,@hiplikejibooty:,0,1
403,@pinkkkkkk__:,0,1
404,on,15,9
405,yours,0,1
406,ermias,0,1
407,done,1,1
408,hoodie,1,1
409,carries,0,1
410,na,0,1
411,if,6,6
412,both,2,2
413,@deafshowrunner,0,1
414,qb,0,1
415,@amazon,0,1
416,@drewfromjersey:,0,1
417,fate,0,1
418,touch,0,1
419,fight,1,1
420,people,2,4
421,5,1,2
422,feel,1,1
423,incredibly,1,1
424,co/8sk5llan7r,0,1
425,guess,0,1
426,stages,0,1
427,behind,1,1
428,great,3,1
429,@antman,0,1
430,@pocdeaftalent,0,1
431,afraid,0,1
432,theoa,0,1
433,bds,0,1
434,planning,0,1
435,pleasant,0,1
436,@moshwithtyler:,0,1
437,rebor,0,1
438,coach,1,1
439,sides,0,1
440,brain,0,1
441,rewatched,0,1
442,@nasajpl,0,1
443,co/aeyd8yqrj0,0,1
444,ok,0,1
445,space,0,1
446,soon,1,1
447,news,0,4
448,friday,8,1
449,sht,0,1
450,sa,0,1
451,territory,0,1
452,ignore,0,1
453,finest,0,1
454,cobain,0,1
455,draggin,0,1
456,watching,0,1
457,para,0,1
458,remembered,0,1
459,@picklerudd:,0,1
460,beef,0,1
461,dnp,0,1
462,funko,0,1
463,hwaedong,0,1
464,recognize,0,1
465,isnt,0,3
466,voted,0,1
467,than,0,2
468,expectation,0,1
469,mind,0,1
470,mars,0,1
471,@mavcarter,0,1
472,@morninafterkill:,0,1
473,1,0,3
474,single,0,2
475,countriesplz,0,1
476,l,0,1
477,ended,0,1
478,mistake,0,1
479,n,0,2
480,don't,0,0
481,decision,0,2
482,igf,0,1
483,ive,0,1
484,long,1,2
485,felt,0,2
486,6,0,1
487,virility,0,1
488,taehyung,0,1
489,definitely,0,1
490,@texasinafrica,0,1
491,makanji,0,1
492,childhood,0,1
493,overwhelming,1,1
494,favorite,0,1
495,wtf,0,1
496,highnote,0,1
497,loud,0,1
498,playing,1,1
499,@originalfunko,0,1
500,unfairness,0,1
501,name,0,1
502,improve,0,1
503,coddled,0,1
504,rip,0,1
505,youre,2,2
506,@rjmxrell:,0,1
507,produce,0,1
508,tone,0,1
509,by,6,1
510,joyful,0,1
511,acting,0,1
512,leave,0,2
513,years,0,1
514,unhappy,0,39
515,-,2,2
516,at,7,7
517,happy,50,5
518,well,5,3
519,has,4,5
520,going,5,4
521,counsel's,0,0
522,hes,2,2
523,obstructed,0,3
524,inve,0,3
525,split,0,3
526,were,0,2
527,cbs,0,3
528,things,0,3
529,peace,0,1
530,stop,0,1
531,confirmed,0,3
532,special,1,3
533,everything,1,2
534,@cbseveningnews:,0,3
535,president,1,3
536,whether,0,3
537,showing,0,1
538,justice,0,3
539,right,0,2
540,current,0,2
541,kan,0,1
542,@esyudkowsky,0,2
543,find,0,2
544,they're,0,0
545,trump,3,2
546,fortnite,0,1
547,siliguri,0,1
548,res,0,1
549,left,0,2
550,you're,0,0
551,inner,0,1
552,ppl,0,2
553,only,1,2
554,particularly,0,2
555,solution,0,2
556,groups,0,2
557,boat,0,1
558,does,5,2
559,medias,0,1
560,protagonist,0,2
561,already,1,2
562,agree,0,2
563,nothing,0,2
564,drive,0,2
565,abusive,0,2
566,across,0,2
567,look,5,2
568,visa,0,2
569,always,4,2
570,desperately,0,2
571,give,1,2
572,us,3,2
573,she,1,1
574,sight,0,2
575,short,0,2
576,before,0,1
577,depression,0,2
578,ill,2,2
579,yourself,0,2
580,changes,0,1
581,ex-captain,0,1
582,funny,1,1
583,probing,0,1
584,co/kdoihzoz24,0,1
585,),0,1
586,clearly,0,1
587,anyone,0,1
588,website,0,1
589,point,1,1
590,chips,0,1
591,rx,0,1
592,@neroscinema:,0,1
593,chose,0,1
594,american,1,1
595,use,0,1
596,twice,0,1
597,fuck,2,1
598,he's,0,0
599,let,0,1
600,got,2,1
601,mostly,0,1
602,@trillgabi,0,1
603,acceptable,0,1
604,@akmaciver,0,1
605,review,0,1
606,wisewords,0,1
607,parent,0,1
608,pick,0,1
609,affect,0,1
610,strikes,0,1
611,unhap,0,1
612,media,0,1
613,@nitishrana_27,0,1
614,would,2,1
615,mother,0,1
616,off-brand,0,1
617,needs,0,1
618,perhaps,0,1
619,willoughby,0,1
620,pharmacy,0,1
621,curse,0,1
622,@kayhanmomand:,0,1
623,hungry,0,1
624,scab,0,1
625,=because,0,1
626,saw,0,1
627,@urvashirautela:,0,1
628,first,2,1
629,@shaunking,0,1
630,base,0,1
631,problems,0,1
632,@crampell:,0,1
633,carried,0,1
634,herself,0,1
635,did,5,1
636,@masgharafghan,0,1
637,effective,1,1
638,intellectual,0,1
639,peop,0,1
640,signaling/hedonism,0,1
641,country,0,1
642,bombing,0,1
643,reached,0,1
644,appalled,0,1
645,petite,0,1
646,social,1,1
647,score,0,1
648,regardless,0,1
649,around,2,1
650,excuses,0,1
651,alisson,0,1
652,breaking,0,1
653,driver,0,1
654,grudges,0,1
655,giving,0,1
656,pay,0,1
657,trying,2,1
658,denies,0,1
659,ch,0,1
660,most,2,1
661,town,0,1
662,screen,0,1
663,almost,0,1
664,biased,0,1
665,expressing,0,1
666,2:4,0,1
667,20:46,0,1
668,munster,0,1
669,unless,0,1
670,difficult,0,1
671,struggle,0,1
672,leaving,0,1
673,sometimes,0,1
674,labor,0,1
675,war,0,1
676,them,1,1
677,tell,1,1
678,month,0,1
679,trolls,0,1
680,2014,0,1
681,boys,1,1
682,won,0,1
683,pm,0,1
684,border,0,1
685,39:53,0,1
686,uk,0,1
687,down,0,1
688,stressed,0,1
689,15,0,1
690,motivation,0,1
691,@skynews,0,1
692,},0,1
693,@shadbase,0,1
694,aspects,0,1
695,absence,0,1
696,classics,0,1
697,expected,0,1
698,each,0,1
699,bc,0,1
700,troubled,0,1
701,{opens,0,1
702,ohhhhh,0,1
703,shouldn't,0,0
704,sure,2,1
705,issues,1,1
706,-and,0,1
707,climate,0,1
708,psychiatrie,0,1
709,companies,0,1
710,judging,0,1
711,reportedly,0,1
712,tho,0,1
713,@brendan_92,0,1
714,kill,0,1
715,place,1,1
716,solve,0,1
717,shouted,0,1
718,governors,0,1
719,reading,0,1
720,older,1,1
721,fixing,0,1
722,cancer,0,1
723,week,0,1
724,verse,0,1
725,professionals,0,1
726,mom,0,1
727,external,0,1
728,modi's,0,0
729,corporate,0,1
730,disappointed,0,1
731,gandalf,0,1
732,@hosumkj:,0,1
733,location,0,1
734,rally,0,1
735,forget,0,1
736,sweep,0,1
737,asked,0,1
738,feet,0,1
739,forwards,0,1
740,pakistan,0,1
741,@lauramjthomson,0,1
742,starts,0,1
743,often,0,1
744,family,0,1
745,sommer,0,1
746,moved,0,1
747,forever,0,1
748,holding,0,1
749,@kkriders,0,1
750,artists,0,1
751,cute,2,1
752,co/m2sy5dy93b,0,1
753,sussex,0,1
754,@imquotes_videos:,0,1
755,key:,0,1
756,sick,0,1
757,psychology,0,1
758,anxious,0,1
759,crimes,0,1
760,anti-depressants,0,1
761,currently,1,1
762,merely,0,1
763,new,1,1
764,rural,0,1
765,x,0,1
766,@1loganhenderson:,0,1
767,respawning,0,1
768,4,0,1
769,gammons,0,1
770,1-1,0,1
771,message,0,1
772,celebrated,0,1
773,starting,0,1
774,head,1,1
775,@enjy_esmail18:,0,1
776,eco-terrorists,0,1
777,competent,0,1
778,anonymous,0,1
779,@_kateelaa:,0,1
780,co/60i9fyrelr,0,1
781,@selimseesyou:,0,1
782,sheets,0,1
783,moment,0,1
784,smiling,0,1
785,creating,0,1
786,worried,0,1
787,books,0,1
788,somewhat,0,1
789,yeah,0,1
790,cliques,0,1
791,immature,0,1
792,ground,0,1
793,folks,0,1
794,co/l4l6jz0zcu,0,1
795,3:31,0,1
796,change,0,1
797,co/axsap8dwuv,0,1
798,bringing,0,1
799,joined,0,1
800,deep,0,1
801,@barryheaven,0,1
802,wth,0,1
803,shed,0,1
804,cause,1,1
805,wrongs,0,1
806,families,0,1
807,facebook,0,1
808,3:159,0,1
809,imported,0,1
810,203-590-3737,0,1
811,determined,0,1
812,@dienamiteredder,0,1
813,bilbo's,0,0
814,lose,0,1
815,afghanistan,0,1
816,angry,0,1
817,discriminated,0,1
818,manager,0,1
819,scot,0,1
820,those,2,1
821,idea,0,1
822,sacking,0,1
823,cancel,0,1
824,minute,0,1
825,racism,0,1
826,voter,0,1
827,learning,1,1
828,hyung,0,1
829,own,0,1
830,however,0,1
831,sout,0,1
832,struggling,0,1
833,shes,0,1
834,media/culture,0,1
835,uber,0,1
836,ward,0,1
837,@thehill,0,1
838,studio,0,1
839,anymore,0,1
840,@lukeoneil47,0,1
841,start,5,1
842,glad,1,1
843,@madddeline_____,0,1
844,played,0,1
845,flooded,0,1
846,respe,0,1
847,morning,1,1
848,front,0,1
849,lol,1,1
850,imagine,1,1
851,@iamsrk:,0,1
852,married,0,1
853,style,2,1
854,sinned,0,1
855,fewer,0,1
856,therapy,0,1
857,events,0,1
858,set,0,1
859,should,2,1
860,sense,0,1
861,conservatism,0,1
862,@sootradhar:,0,1
863,lonely,0,1
864,4:28,0,1
865,icc,0,1
866,door,0,1
867,managers,0,1
868,least,0,1
869,boy,0,1
870,true,1,1
871,supply,0,1
872,@bjp4india:,0,1
873,medical,0,1
874,@theprickledk,0,1
875,bilbo,0,1
876,personally,0,1
877,drove,0,1
878,telling,1,1
879,end,0,1
880,views,0,1
881,upset,1,1
882,africa,1,1
883,eased,0,1
884,bad,0,1
885,grow,0,1
886,chief,0,1
887,shit,0,1
888,cheat,0,1
889,weight,0,1
890,through,0,1
891,wary,0,1
892,=,0,1
893,fed,0,1
894,@hvbibvh:,0,1
895,republicans,0,1
896,beyond,0,1
897,1/2/tps,0,1
898,somebody,0,1
899,@kimstrassel:,0,1
900,genuinely,0,1
901,prosecutor,0,1
902,bengali,0,1
903,@robbieuthappa,0,1
904,noises,0,1
905,two,2,1
906,suite,0,1
907,grouo,0,1
908,chemotherapy,0,1
909,fan,0,1
910,feedback,0,1
911,last,0,1
912,shut,0,1
913,littlest,0,1
914,sympathized,0,1
915,tranquili,0,1
916,book,0,1
917,traffic,0,1
918,@pinkyblueskys,0,1
919,uncomfortable,0,1
920,attention,1,1
921,nihilism/fake,0,1
922,slarpg,0,1
923,wouldnt,0,1
924,feeling:,0,1
925,away,0,1
926,|,1,1
927,quran,0,1
928,reports,0,1
929,perfect,0,1
930,@__xhoseok,0,1
931,instinctual,0,1
932,mouth,0,1
933,eat,0,1
934,shocked,0,1
935,arent,0,1
936,@itsalwayswednes,0,1
937,arts,0,1
938,modernity,0,1
939,forgive,1,1
940,line,1,1
941,off-putting,0,1
942,case,0,1
943,lefty,0,1
944,females,0,1
945,cries,0,1
946,reverse,0,1
947,mueller's,0,0
948,@lynny50,0,1
949,live,3,1
950,captivate,0,1
951,types,0,1
952,instead,0,1
953,clean,0,1
954,field,1,1
955,@caliscrip:,0,1
956,furthermore,0,1
957,half,0,1
958,sleepy,0,1
959,whats,0,1
960,alleging,0,1
961,buy,0,1
962,lead,0,1
963,@samwootton02,0,1
964,alike,0,1
965,community,1,1
966,act,0,1
967,reasonable,0,1
968,trumbullct,0,1
969,meritocracy,0,1
970,elle,0,1
971,treated,0,1
972,-why,0,1
973,referendum,0,1
974,modern,0,1
975,nope,0,1
976,answer,1,1
977,competing,0,1
978,spending,0,1
979,air,0,1
980,adding,0,1
981,keeping,0,1
982,never,1,1
983,longer,0,1
984,helped,0,1
985,entire,0,1
986,birthday,13,0
987,jungkook,1,0
988,girls,3,0
989,phrase,2,0
990,omg,3,0
991,dissing,3,0
992,difference,3,0
993,truly,4,0
994,disgusting,3,0
995,@mmooregough_7:,3,0
996,',0,0
997,co/9vrd1dw,3,0
998,bo,3,0
999,cat,3,0
1000,@chavisthill:,3,0
1001,body,3,0
1002,pardon,3,0
1003,extremely,3,0
1004,eyes,3,0
1005,actor,3,0
1006,doing,4,0
1007,@zak_bagans,2,0
1008,tryouts,1,0
1009,few,2,0
1010,cherry,1,0
1011,surgery,2,0
1012,brother,1,0
1013,art,3,0
1014,ask,3,0
1015,hilarious,2,0
1016,sheer,1,0
1017,cities,1,0
1018,fantastical,1,0
1019,internationalcarrotday,1,0
1020,foodies,1,0
1021,spinal,1,0
1022,co/ysraxnpauh,2,0
1023,@aybaybader,1,0
1024,@hermosahanna,1,0
1025,@enjoynature:,1,0
1026,nature,2,0
1027,@vickibangle,1,0
1028,creations,1,0
1029,spouse,1,0
1030,better,1,0
1031,congress,1,0
1032,wooooo,1,0
1033,youmu,1,0
1034,co/err7zveqo7,1,0
1035,@sergeveilleux5,1,0
1036,@stradagangelica,1,0
1037,fuvb,1,0
1038,fall,1,0
1039,co/gos4aigwj0,1,0
1040,ene,1,0
1041,successful,1,0
1042,guineapigs,1,0
1043,@teamquetta:,1,0
1044,@kimmeye1:,1,0
1045,@doggintrump:,1,0
1046,strange,1,0
1047,campsbourne,1,0
1048,@laurenjauregui:,1,0
1049,paying,1,0
1050,gotta,1,0
1051,congratulations,1,0
1052,brie,1,0
1053,specific,1,0
1054,@majornelson,1,0
1055,kiss,1,0
1056,market,1,0
1057,co/aberq7n82c,1,0
1058,queen,1,0
1059,fun,43,0
1060,awol,1,0
1061,@nhlbruins,1,0
1062,bpm:180,1,0
1063,co/bd4ch9a5jm,1,0
1064,co/50ghxbet2o,1,0
1065,@dricciardo,1,0
1066,co/o30kh89oyz,1,0
1067,-yeeun,1,0
1068,co/ba7nt,1,0
1069,carrot,1,0
1070,freecodefriday,1,0
1071,memes,1,0
1072,ending,1,0
1073,gam,1,0
1074,@jetreset:,1,0
1075,banning,1,0
1076,@tdgarden,1,0
1077,cookie,1,0
1078,ha,1,0
1079,flowers,1,0
1080,mixtape,1,0
1081,joke,1,0
1082,early,1,0
1083,staffer,1,0
1084,rested,1,0
1085,soundcheck,2,0
1086,legendary,1,0
1087,hike,1,0
1088,@michaelbangles,1,0
1089,words,1,0
1090,hahah,1,0
1091,@juliancamarena:,1,0
1092,mix,1,0
1093,following,1,0
1094,hereby,1,0
1095,co/mtatdn60p2,1,0
1096,co/rqii68iomv,1,0
1097,national,1,0
1098,fueled,1,0
1099,ghost,1,0
1100,@therealjonny_5,1,0
1101,bed,1,0
1102,co/jq501xfjnn,1,0
1103,maintaining,1,0
1104,th,1,0
1105,@ethansvg,1,0
1106,@toeianimation:,1,0
1107,gorams,1,0
1108,changed,1,0
1109,yuyuko,1,0
1110,girl,1,0
1111,adorable,1,0
1112,hi,1,0
1113,@cardinals:,1,0
1114,suffer,1,0
1115,mood,1,0
1116,swimming,1,0
1117,job,2,0
1118,@ohmyguinea:,1,0
1119,wait,2,0
1120,chois,1,0
1121,annoyed,1,0
1122,freaking,2,0
1123,pets,1,0
1124,predictive,2,0
1125,requirements,1,0
1126,kee,1,0
1127,co/8cssohiewd,1,0
1128,version:gf1,1,0
1129,@christo40822057,1,0
1130,@oknox,1,0
1131,moon,1,0
1132,charlotte,1,0
1133,free,4,0
1134,@t1mbles:,1,0
1135,appreciate,1,0
1136,ikea,1,0
1137,prop,1,0
1138,ahead,1,0
1139,jelly,1,0
1140,beautiful,2,0
1141,prince,1,0
1142,@petty_lex:,1,0
1143,skylines,1,0
1144,manage,1,0
1145,mohammad,1,0
1146,@lavendertones,1,0
1147,vacations,1,0
1148,ht,1,0
1149,rel,1,0
1150,millions,1,0
1151,anything,1,0
1152,19,2,0
1153,fuji,1,0
1154,mount,1,0
1155,@manishp24604101,1,0
1156,smile,1,0
1157,2019,1,0
1158,rezon,1,0
1159,officially,1,0
1160,urban,1,0
1161,@srirachastay:,1,0
1162,inspired,1,0
1163,baby,2,0
1164,sunshine,1,0
1165,excuse,1,0
1166,@aoc,1,0
1167,co/klkihdgywb,1,0
1168,co/buftfzy8br,1,0
1169,@felinechairthi1,1,0
1170,busch,1,0
1171,ladies,1,0
1172,@kevinz_thd,1,0
1173,can't,0,0
1174,wholesome,1,0
1175,@nicholls_cheer:,1,0
1176,artist:,1,0
1177,@ninjaeee,1,0
1178,newcomers,1,0
1179,@bovb51:,1,0
1180,blossoms,1,0
1181,kristen,1,0
1182,ends,1,0
1183,swimsuit,1,0
1184,yall,1,0
1185,bl,1,0
1186,marriage,1,0
1187,@litebrite123,1,0
1188,greetings,1,0
1189,b,1,0
1190,sponsored,1,0
1191,japan,1,0
1192,quicker,1,0
1193,@yelarvel,1,0
1194,loves,2,0
1195,geauxcolonels,1,0
1196,plans,1,0
1197,@lidstonepeter,1,0
1198,@quinnqueens,1,0
1199,best,1,0
1200,wishing,1,0
1201,said,1,0
1202,gorgeous,1,0
1203,faceofpace,1,0
1204,grateful,1,0
1205,deserve,1,0
1206,summer,1,0
1207,stadium,1,0
1208,hydrated,1,0
1209,excited,1,0
1210,text,2,0
1211,stable,1,0
1212,@ginamorris508,1,0
1213,taxes,1,0
1214,@quinnqueens_2,1,0
1215,akira,1,0
1216,not-a-teen,1,0
1217,@whca,1,0
1218,zak,1,0
1219,@_hublette:,1,0
1220,@thd_young,1,0
1221,any,1,0
1222,bell,1,0
1223,fuckthem,1,0
1224,travel,2,0
1225,honey,1,0
1226,trees,2,0
1227,pass,1,0
1228,@samanthaasm2307,1,0
1229,couldnt,1,0
1230,@kreespykim,1,0
1231,guys,1,0
1232,stuck,1,0
1233,goes,1,0
1234,@hwaseongl:,1,0
1235,@msgladysknight:,2,0
1236,co/6im3o9zp02,1,0
1237,@stevebanglesfan,1,0
1238,@eemrichmond,1,0
1239,picked,1,0
1240,vocal,1,0
1241,@oliviaandocean,1,0
1242,@allypallyfm:,1,0
1243,bean,1,0
1244,hahahhaa,1,0
1245,@susannahoffs,1,0
1246,co/kwmgp4qfbw,1,0
1247,dumb,1,0
1248,crackdown,1,0
1249,furniture,1,0
1250,daughter,1,0
1251,fucking,1,0
1252,@mjawandz11,1,0
1253,vibe,1,0
1254,ian,1,0
1255,toriyama,1,0
1256,@thshaher,1,0
1257,miss,1,0
1258,@xboxgamepass,1,0
1259,@dr_ringer,1,0
1260,@ericjosephgree2,1,0
1261,flair,1,0
1262,@aliciagarciaga6,1,0
1263,intro,1,0
1264,bit,1,0
1265,sweldo,1,0
1266,lil,1,0
1267,experienced,1,0
1268,ghosts,1,0
1269,bliss,1,0
1270,cooky,1,0
1271,outdoor,1,0
1272,reminder,1,0
1273,felinechairthieffriyay,1,0
1274,collective,1,0
1275,literally,1,0
1276,moonboss,1,0
1277,todays,1,0
1278,hasnain,1,0
1279,@freewill121,1,0
1280,work,4,0
1281,thanks,4,0
1282,thank,3,0
1283,might,2,0
1284,until,3,0
1285,baseball,1,0
1286,our,3,0
1287,keep,2,0
1288,good,3,0
1289,class,3,0
1290,games,1,0
1291,@_violin_tim:,2,0
1292,:(((,1,0
1293,kim,1,0
1294,yunmin,1,0
1295,@brunomars,2,0
1296,view,1,0
1297,please,2,0
1298,everyone,2,0
1299,@violin_tim,2,0
1300,avoid,2,0
1301,check,2,0
1302,second,2,0
1303,saturday,2,0
1304,draw,2,0
1305,making,2,0
1306,dress,2,0
1307,link,2,0
1308,cool,2,0
1309,insta,2,0
1310,year,2,0
1311,h,2,0
1312,@iamcardib,2,0
1313,cant,2,0
1314,join,2,0
1315,delicious,2,0
1316,bullshit,1,0
1317,mv,1,0
1318,photography,1,0
1319,along,1,0
1320,awesome,1,0
1321,key,1,0
1322,@fayobserver,1,0
1323,detail,1,0
1324,smash,1,0
1325,citylnkd,1,0
1326,music,1,0
1327,@madam_president:,1,0
1328,hav,1,0
1329,lots,1,0
1330,mangoes,1,0
1331,west,1,0
1332,fayettevillenc,1,0
1333,came,1,0
1334,workers,1,0
1335,markers,1,0
1336,soooooo,1,0
1337,co/bkwshkscue,1,0
1338,pbl,1,0
1339,ah,1,0
1340,recording,1,0
1341,stressful,1,0
1342,co/sptlbylhvr,1,0
1343,mystery,1,0
1344,05,1,0
1345,7,1,0
1346,seems,1,0
1347,tt,1,0
1348,@arlir,1,0
1349,football,1,0
1350,freshfriday,1,0
1351,parton,1,0
1352,@pugnoodless:,1,0
1353,ye,1,0
1354,co/o3xxucvqi9,1,0
1355,serve,1,0
1356,life),1,0
1357,wore,1,0
1358,staff,1,0
1359,],1,0
1360,co/inskloxlpa,1,0
1361,co/hghwftze92,1,0
1362,co/xvmsap3fwz,1,0
1363,blobby,1,0
1364,animal,1,0
1365,co/hrvmzs5l7j,1,0
1366,co/ccwugdgtc2,1,0
1367,co/hlopbafaxj,1,0
1368,selection,1,0
1369,cover,1,0
1370,@writerscentreau:,1,0
1371,trekkies,1,0
1372,skye,1,0
1373,similar,1,0
1374,trailblazeon,1,0
1375,busking,1,0
1376,dream,1,0
1377,premium,1,0
1378,passing,1,0
1379,wear,1,0
1380,drives,1,0
1381,launch,1,0
1382,summary,1,0
1383,@gamblerthoughts,1,0
1384,organizing,1,0
1385,located,1,0
1386,duval,1,0
1387,@commsexpress:,1,0
1388,marathons,1,0
1389,floribbean,1,0
1390,participating,1,0
1391,born2travelit,1,0
1392,taking,1,0
1393,mlb,1,0
1394,pollution,1,0
1395,laugh,1,0
1396,color,1,0
1397,issue,1,0
1398,co/bf2pjkgq53,1,0
1399,peter,1,0
1400,world,1,0
1401,looked,1,0
1402,vincenzo,1,0
1403,friends,1,0
1404,lighter,1,0
1405,fun],1,0
1406,aiming,1,0
1407,proudly,1,0
1408,where,1,0
1409,furiousfiction,1,0
1410,@duderd_x:,1,0
1411,every_min_it,1,0
1412,@starpopfever,1,0
1413,album,1,0
1414,shift,1,0
1415,students,1,0
1416,cheap,1,0
1417,milb,1,0
1418,rhodes,1,0
1419,engaging,1,0
1420,laggy,1,0
1421,original,1,0
1422,biggest,1,0
1423,environmental,1,0
1424,post,1,0
1425,netflix,1,0
1426,@morjoysol2615,1,0
1427,foods,1,0
1428,reach,1,0
1429,ready,1,0
1430,found,1,0
1431,@amyklobuch,1,0
1432,ko-fi,1,0
1433,date,1,0
1434,stuff,1,0
1435,honestly,1,0
1436,co/gjlnwdfjpc,1,0
1437,netflixandchill,1,0
1438,foam,1,0
1439,@sengillbrand,1,0
1440,citizenship,1,0
1441,coupon,1,0
1442,co/fmaxu7q12d,1,0
1443,connections,1,0
1444,attaching,1,0
1445,times,1,0
1446,ad,1,0
1447,5pm,1,0
1448,endangered,1,0
1449,planet,1,0
1450,700,1,0
1451,draft,1,0
1452,calories,1,0
1453,earth_beatiful,1,0
1454,share,1,0
1455,responsabilities,1,0
1456,below,1,0
1457,exciting,1,0
1458,stops,1,0
1459,dark,1,0
1460,@ewarren,1,0
1461,@ananavarro:,1,0
1462,proper,1,0
1463,safran,1,0
1464,phoenix,1,0
1465,isn't,0,0
1466,though,1,0
1467,@ponysmasher,1,0
1468,co,1,0
1469,lovee,1,0
1470,competition,1,0
1471,gonna,1,0
1472,y,1,0
1473,co/6i0bzjjwml,1,0
1474,enter,1,0
1475,@kamuicosplay:,1,0
1476,species,1,0
1477,@diversity_tweet,1,0
1478,there's,0,0
1479,lie,1,0
1480,lightenuptw,1,0
1481,sea,1,0
1482,beloved,1,0
1483,pokemon,1,0
1484,[,1,0
1485,@thechrisdo:,1,0
1486,recently,1,0
1487,auctions,1,0
1488,2djsjjsfjjwhfsdgds,1,0
1489,exercise,1,0
1490,omfg,1,0
1491,co/eewtonfwvo,1,0
1492,@myfaytoday,1,0
1493,move,1,0
1494,damn,1,0
1495,evening's,0,0
1496,myself,1,0
1497,@icklenell,1,0
1498,@bdlabaj:,1,0
1499,@n,1,0
1500,heaven,1,0
1501,run,1,0
1502,retweet,1,0
1503,online,1,0
1504,ca,1,0
1505,@berbalee:,1,0
1506,marra,1,0
1507,grade,1,0
1508,contac,1,0
1509,preview,1,0
1510,co/ycdf8c33gm,1,0
1511,50,1,0
1512,@tehfawpy,1,0
1513,kakapo,1,0
1514,codes,1,0
1515,mall,1,0
1516,dura,1,0
1517,fairly,1,0
1518,co/gcrah5s6vm,1,0
1519,@al_i_exandra:,1,0
1520,challenged,1,0
1521,dolly,1,0
1522,grid,1,0
1523,plus,1,0
1524,tip,1,0
1525,@faync_chamber,1,0
1526,same,1,0
1527,co/cjhfrbk9i0,1,0
1528,exhausting,1,0
1529,negativity,1,0
1530,sport,1,0
1531,party,1,0
1532,intersection,1,0
1533,street,1,0
1534,characteristics,1,0
1535,work-in-progress,1,0
1536,co/laxunxansc,1,0
1537,co/pimt08w9,1,0
1538,walking,1,0
1539,track,1,0
1540,prehistoric,1,0
1541,account,1,0
1542,&gt,1,0
1543,triathlon,1,0
1544,co/poiegqaarc,1,0
1545,southafrica,1,0
1546,taylor,1,0
1547,joining,1,0
1548,didnt,1,0
1549,loads,1,0
1550,able,1,0
1551,holiday,1,0
1552,mug,1,0
1553,goals,1,0
1554,forward,1,0
1555,kitschy,1,0
1556,addicted,1,0
1557,trampolining,1,0
1558,@ashleybanjo,1,0
1559,ver,1,0
1560,enjoys,1,0
1561,que,1,0
1562,duo's,0,0
1563,freshfriday2k19,1,0
1564,including,1,0
1565,css,1,0
1566,super,1,0
1567,@hanbinscockring,1,0
1568,app,1,0
1569,oxventure,1,0
1570,memory,1,0
1571,couple,1,0
1572,earth,1,0
1573,co/bzi7hdq83z,1,0
1574,plastic,1,0
1575,careful,1,0
1576,supporting,1,0
1577,fast,1,0
1578,once,1,0
1579,which,1,0
1580,watch,1,0
1581,pan'',0,0
1582,tournament,1,0
1583,pretty,1,0
1584,drops,1,0
1585,pizza,1,0
1586,co/ae4enfg5yx,1,0
1587,@kasopeowoaje:,1,0
1588,bunny,1,0
1589,based,1,0
1590,blackout,1,0
1591,forest,1,0
1592,signed,1,0
1593,kind,1,0
1594,sassy,1,0
1595,side,1,0
1596,park,1,0
1597,hated,1,0
1598,gallery,1,0
1599,youve,1,0
1600,daughters,1,0
1601,@lightenuptw,1,0
1602,dinner,1,0
1603,gets,1,0
1604,bost,1,0
1605,@honeybbangtan,1,0
1606,beauty,1,0
1607,enjoy,1,0
1608,kindly,1,0
1609,(like,1,0
1610,armor,1,0
1611,math,1,0
1612,@omz_music,1,0
1613,johannesburg,1,0
1614,losing,1,0
1615,cr,1,0
1616,panel,1,0
1617,newkidd,1,0
1618,brightness,1,0
1619,@jae_day6:,1,0
1620,prom,1,0
1621,suggestions,1,0
1622,cracker,1,0
1623,project,1,0
1624,poking,1,0
1625,intense,1,0
1626,0,1,0
1627,[yesterday,1,0
1628,@benwallfisch:,1,0
1629,co/rr5sfcphmx,1,0
1630,coming,1,0
1631,local,1,0
1632,@realdonaldtrump,1,0
1633,@linnzzz____:,1,0
1634,thought,1,0
1635,@sunnyvalees,1,0
1636,food,1,0
1637,rub,1,0
1638,glowy,1,0
1639,@tannerfox,1,0
1640,@cityoffaync,1,0
1641,win,1,0
1642,shazam,1,0
1643,restaurant,1,0
1644,''fun,0,0
1645,sister,1,0
1646,amazing,1,0
1647,recycling,1,0
1648,meant,1,0
1649,@kfield82,1,0
1650,xd,1,0
1651,floor,1,0
1652,fix,1,0
1653,developers,1,0
1654,zealand's,0,0
1655,literature,1,0
1656,@olimonarrez:,1,0
1657,co/ufdyhcpb0u,1,0
1658,2nd,1,0
1659,@lukewestaway:,1,0
1660,stick,1,0
1661,editing,1,0
1662,co/upe8hpkynm,1,0
1663,quiet,1,0
1664,buildup,1,0
1665,cara,1,0
1666,burnt,1,0
1667,mortals,1,0
1668,achieve,1,0
1669,niece,1,0
1670,contact,1,0
1671,90,1,0
1672,addicting,1,0
1673,@joebiden,1,0
1674,04,1,0
1675,encore,1,0
1676,gamer,1,0
1677,college,1,0
1678,magical,1,0
1679,co/zvfkbkau6n,1,0
1680,co/78rnxce85g,1,0
1681,seams,1,0
1682,discoverctwc,1,0
1683,weekend,1,0
